{
  "SchemaVersion": 1,
  "Name": "SPI_EPAPER_HighLevelApp",
  "ComponentId": "7e0f4a84-4b47-493f-b0b1-3b797fb998bb",
  "EntryPoint": "/bin/app",
  // CmdArgs [IWT version], [Device-ID], [Device shared key]
  "CmdArgs": [ "I Was There v1.0", "e2da7773-a7cd-44a0-85d7-43fe0654cb22", "123456781234567812345678" ],
  "Capabilities": {
    "AllowedConnections": [ "iotc-af6384f0-6f64-48c4-9d69-29dc60197e2d.azure-devices.net" ],
    "Gpio": [ 0, 2, 16, 12, 13, 8, 9, 10, 4, 5, 42 ],
    "SpiMaster": [ "ISU1" ],
    "I2cMaster": [ "ISU2" ],
    "WifiConfig": true,
    "NetworkConfig": false,
    "SystemTime": false
  },
  "ApplicationType": "Default"
}
